OBJECTID,Landuse,Field,TC_ID,Shape__Area,Shape__Length
1,Commercial2,,1,3650.1220703125,796.642532136839
2,Commercial,,2,103347636.914795,1793885.22578797
3,Industrial,,3,16240209.3111572,248810.36039829
4,Institutional,,4,278715928.851563,3931315.81241187
5,Mixed Use,,5,24912728.0522461,718317.428719463
6,Public Open Space,,6,303788097.081421,2427616.99478356
7,Residential,,7,420245857.752319,6970139.49271537
8,ROW,,8,219593839.204224,9289703.92292149
